{
  "name": "client",
  "version": "1.0.0",
  "description": "",
  "main": "index.js",
  "scripts": {
    "test": "echo \"Error: no test specified\" && exit 1"
  },
  "keywords": [],
  "author": "",
  "license": "ISC",
  "dependencies": {
    "react": "^16.13.1",
    "react-dom": "^16.13.1"
  },
  "devDependencies": {
    "babel-core": "^6.26.3",
    "babel-plugin-transform-class-properties": "^6.24.1",
    "babel-preset-env": "^1.7.0",
    "babel-preset-react": "^6.24.1",
    "sass": "^1.26.3"
  }
}
